profile,n_calibration,uniform_S,hidden_exact_S,best_deployable,best_deployable_S,best_deployable_S_ci95,delta_pct_vs_uniform,delta_pct_vs_uniform_ci95,regret_pct_vs_hidden,W_exact,units_minmax
flat,64,5.296328433144815,5.296328433144815,replan_sigma_last,5.296328433144815,0.0,0.0,0.0,0.0,0.14999999999999994,10.0-10.0
flat,512,5.296328433144815,5.296328433144815,replan_sigma_last,5.296328433144815,0.0,0.0,0.0,0.0,0.14999999999999994,10.0-10.0
linear_ramp,64,27.805724274010277,27.155218897144895,replan_sigma_trend,27.287862684148944,0.0,-1.8624279833824722,0.001652147159066039,0.4884651731457609,0.15,1.6-19.1
linear_ramp,512,27.805724274010277,27.155218897144895,replan_sigma_trend,27.285684444465442,0.0,-1.870261764880235,0.00022789531599516402,0.4804437328040471,0.15,1.7-19.0
last5_high,64,17.213067407720647,15.763121048004303,replan_sigma_last,17.213067407720647,0.0,0.0,0.0,9.198345653127603,0.14999999999999994,10.0-10.0
last5_high,512,17.213067407720647,15.763121048004303,replan_sigma_last,17.213067407720647,0.0,0.0,0.0,9.198345653127603,0.14999999999999994,10.0-10.0
single_spike,64,12.976004661204799,10.55809909607327,replan_sigma_mean,11.393850022221539,0.0,-12.192925945175814,0.06050374801748668,7.915732922596802,0.15,1.4-54.7
single_spike,512,12.976004661204799,10.55809909607327,replan_sigma_mean,11.379951301075334,0.0,-12.30003688963902,0.01919439592594924,7.784092548513029,0.15,1.4-55.0
